variant,aa_change,AF,PM2,BS1,BA1,PP3,PS1
13-52473996-C-T,p.Pro573Ser;p.Pro572Ser;p.Pro524Ser,6.19572e-07,True,False,False,False,False
8-31090526-G-C,p.Ala572Pro,6.2039e-07,True,False,False,True,False
17-7509037-G-A,p.Ala1187Thr,7.31071e-07,True,False,False,False,False
1-6601829-A-G,p.Ile330Thr;p.Ile330Thr,1.89122e-06,True,False,False,False,False
X-136502900-G-T,p.Lys231Asn;p.Lys231Asn;p.Lys231Asn,2.60317e-06,True,False,False,False,False
3-38550455-A-G,p.Phe1955Leu;p.Phe1972Leu;p.Phe1973Leu;p.Phe1973Leu;p.Phe1972Leu;p.Phe1940Leu;p.Phe1919Leu;p.Phe1919Leu,1.86985e-06,True,False,False,False,False
1-42162919-C-T,p.Cys112Tyr,1.85961e-06,True,False,False,True,False
20-13435090-T-A,p.Arg350Ser,1.24132e-06,True,False,False,False,False
20-58840585-C-T,p.Thr160Ile;p.Thr160Ile;p.Thr160Ile;p.Thr160Ile;p.Thr160Ile,5.46029e-05,True,False,False,False,False
22-20405739-C-A,p.Arg236Ser;p.Arg236Ser;p.Arg204Ser,6.2377e-07,True,False,False,False,False
2-159230738-C-G,p.Ser1771Cys,1.239e-06,True,False,False,False,False
19-48735336-G-C,p.Leu347Val,1.48732e-05,True,False,False,False,False
9-35846524-C-G,p.Pro185Ala;p.Pro185Ala;p.Pro637Ala;p.Pro185Ala;p.Pro185Ala;p.Pro185Ala,1.44715e-05,True,False,False,False,False
2-26562662-A-G,p.Tyr17Cys,1.26387e-06,True,False,False,True,False
4-145765036-T-C,p.Gln1061Arg;p.Gln1061Arg;p.Gln711Arg;p.Gln1061Arg;p.Gln1061Arg;p.Gln700Arg;p.Gln1061Arg,1.8585e-06,True,False,False,False,False
9-97668910-G-A,p.Arg694Gln,3.10038e-06,True,False,False,False,False
9-117713018-T-G,p.Leu257Arg;p.Leu297Arg,6.1955e-07,True,False,False,False,False
1-85877142-G-C,p.Pro1004Ala,2.49029e-06,True,False,False,False,False
1-156948376-G-A,p.Ala699Val;p.Ala683Val;p.Ala679Val;p.Ala643Val,2.60206e-05,True,False,False,False,False
19-55086777-C-A,p.Ser614Ter;p.Ser550Ter;p.Ser300Ter;p.Ser487Ter,6.21521e-07,True,False,False,False,False
2-237525799-G-C,p.Ala292Pro;p.Ala292Pro;p.Ala252Pro,1.86132e-06,True,False,False,False,False
17-81547395-T-C,p.Ile212Val;p.Ile563Val,6.20074e-07,True,False,False,False,False
10-49516388-A-G,p.Phe711Leu;p.Phe711Leu,6.19525e-07,True,False,False,False,False
8-51474977-T-A,p.Asn230Ile,6.9063e-06,True,False,False,False,False
2-206693260-G-C,p.Arg299Gly,2.47908e-06,True,False,False,False,False
18-3879703-C-A,p.Gln122His;p.Gln122His,6.21664e-07,True,False,False,False,False
18-10758099-G-A,p.Arg1240Trp;p.Arg1265Trp;p.Arg1240Trp;p.Arg1265Trp,2.2114e-05,True,False,False,False,False
8-38988028-C-G,p.Ser454Cys,6.20098e-07,True,False,False,True,False
12-118025787-C-T,p.Leu208Phe;p.Leu187Phe,1.86476e-06,True,False,False,False,False
6-29630557-G-C,p.Arg126Gly;p.Arg126Gly;p.Arg126Gly;p.Arg131Gly,6.19945e-07,True,False,False,False,False
14-104894301-A-C,p.Thr1430Pro;p.Thr1395Pro,6.19854e-07,True,False,False,False,False
X-100296426-T-C,p.Asn1052Asp;p.Asn1100Asp;p.Asn1053Asp,2.47688e-06,True,False,False,False,False
19-50517638-T-C,p.Asn692Ser;p.Asn692Ser;p.Asn692Ser,8.6826e-06,True,False,False,False,False
9-133155264-G-A,.;p.Arg104Ter;p.Arg104Ter,2.66448e-05,True,False,False,False,False
12-39332400-C-A,p.Glu955Asp;p.Glu933Asp;p.Glu942Asp;p.Glu3Asp;p.Glu942Asp;p.Glu919Asp,3.0986e-06,True,False,False,False,False
7-141919278-A-T,p.Ile135Phe;p.Ile135Phe,3.71735e-06,True,False,False,False,False
12-56004507-T-C,p.Val373Ala;p.Val373Ala;p.Val373Ala;p.Val373Ala;p.Val373Ala,5.5778e-06,True,False,False,False,False
11-44171685-C-G,p.Asp304Glu;p.Asp416Glu;p.Asp416Glu;p.Asp338Glu;p.Asp416Glu;p.Asp426Glu;p.Asp416Glu,1.85871e-06,True,False,False,False,False
11-66424236-C-A,p.Pro449His,1.85864e-06,True,False,False,False,False
19-52205921-A-G,p.Glu57Gly,6.51611e-07,True,False,False,False,False
1-171636185-T-C,p.Thr419Ala,1.1771e-05,True,False,False,True,False
15-42343084-C-T,p.Ala720Val,6.19829e-07,True,False,False,True,False
17-19931977-A-C,p.Val490Gly,6.21373e-07,True,False,False,False,False
16-72103144-T-G,p.Ser524Ala,6.19517e-07,True,False,False,False,False
1-37475623-G-C,p.Ala43Pro,6.19537e-07,True,False,False,False,False
16-3657109-G-C,p.Glu183Gln;p.Glu183Gln;p.Glu52Gln,8.05456e-06,True,False,False,False,False
2-27038102-A-G,p.Gln30Arg,6.19646e-07,True,False,False,False,False
1-151365777-C-T,p.Glu305Lys;p.Glu243Lys;p.Glu347Lys;p.Glu289Lys,5.32783e-05,True,False,False,False,False
6-131652875-T-C,p.Ser150Pro;p.Ser150Pro;p.Ser150Pro,1.2403e-06,True,False,False,False,False
1-43981252-A-G,p.Tyr31Cys;p.Tyr31Cys;p.Tyr31Cys;p.Tyr31Cys;p.Tyr31Cys;p.Tyr60Cys,6.22417e-07,True,False,False,False,False
11-5200093-A-C,p.Phe197Cys,6.19619e-07,True,False,False,False,False
3-51341375-A-G,p.Asn1302Ser,1.11546e-05,True,False,False,False,False
21-31995919-A-T,p.Lys486Met;p.Lys100Met,1.2394e-06,True,False,False,False,False
X-101037990-T-A,p.Asn122Ile;p.Asn122Ile;p.Asn122Ile,2.4824e-06,True,False,False,False,False
1-61927766-C-T,p.Pro1203Ser;p.Pro1203Ser;p.Pro19Ser,1.23963e-06,True,False,False,False,False
12-3017447-C-A,p.Ser135Tyr;p.Ser135Tyr;p.Ser6Tyr,6.195e-07,True,False,False,False,False
9-78264171-T-G,p.Leu494Val;p.Leu494Val;p.Leu500Val;p.Leu494Val;p.Leu501Val;p.Leu462Val;p.Leu500Val;p.Leu495Val;p.Leu495Val;p.Leu494Val;p.Leu495Val;p.Leu474Val;p.Leu501Val;p.Leu500Val,5.38903e-06,True,False,False,False,False
17-43217801-A-T,p.Ter263CysextTer24;p.Ter215CysextTer24;p.Ter216CysextTer24;p.Ter263CysextTer24,6.19632e-07,True,False,False,False,False
2-68317191-C-T,p.Ser99Asn;p.Ser99Asn;p.Ser99Asn,6.19533e-07,True,False,False,False,False
15-41504873-C-T,p.Ala674Thr;p.Ala613Thr;p.Ala372Thr;p.Ala544Thr,4.9639e-06,True,False,False,False,False
10-73504876-C-T,p.Glu1429Lys;p.Glu1429Lys;p.Glu1389Lys,1.23905e-06,True,False,False,False,False
12-21845722-G-T,p.Leu993Met;p.Leu993Met;p.Leu993Met;p.Leu976Met;p.Leu620Met;p.Leu993Met,3.09812e-06,True,False,False,False,False
X-153771051-T-A,p.Asp764Glu;p.Asp741Glu,2.64945e-05,True,False,False,False,False
19-1986898-G-A,p.Arg450Cys,1.17789e-05,True,False,False,True,False
3-52521864-C-A,p.Pro2062Thr,1.24805e-06,True,False,False,True,False
2-130657437-G-A,p.Val893Met,1.25018e-06,True,False,False,True,False
16-23380734-A-G,p.Asn619Ser;p.Asn664Ser;p.Asn583Ser;p.Asn592Ser,2.48089e-06,True,False,False,False,False
6-39114926-T-C,p.Lys55Arg,3.09881e-06,True,False,False,False,False
X-64191486-G-C,p.Arg601Gly,8.25255e-07,True,False,False,False,False
17-18308414-A-G,p.Met84Thr;p.Met59Thr,1.24996e-06,True,False,False,False,False
17-78051335-C-T,p.Thr968Ile;p.Thr968Ile;p.Thr968Ile;p.Thr808Ile,6.44494e-07,True,False,False,False,False
3-197866117-C-A,p.His591Asn;p.His591Asn;p.His591Asn;p.His539Asn;p.His437Asn;p.His591Asn,6.21015e-07,True,False,False,False,False
16-49635940-T-C,p.Lys1071Arg;p.Lys1079Arg;p.Lys1011Arg;p.Lys954Arg;p.Lys954Arg;p.Lys1011Arg,2.51149e-06,True,False,False,False,False
17-50549328-G-A,p.Val219Ile;p.Val235Ile;p.Val219Ile,1.24028e-06,True,False,False,False,False
6-38931889-T-C,p.Phe3785Leu;p.Phe3785Leu;p.Phe3568Leu,3.10222e-06,True,False,False,False,False
18-47033630-G-T,p.Ser545Arg,6.19519e-07,True,False,False,False,False
14-21523845-G-T,p.Ser626Tyr;p.Ser628Tyr;p.Ser491Tyr,2.47798e-06,True,False,False,False,False
6-656404-C-G,p.Val181Leu,1.11519e-05,True,False,False,False,False
12-15899943-G-A,p.Arg272Lys;p.Arg285Lys,6.19755e-07,True,False,False,False,False
20-3706683-T-G,p.Ser25Arg;p.Ser25Arg,6.44896e-07,True,False,False,False,False
17-47923043-A-C,p.Asn381His,6.19513e-07,True,False,False,False,False
12-56724467-G-A,p.Pro19Ser;p.Pro19Ser;p.Pro19Ser;p.Pro19Ser;p.Pro19Ser;p.Pro19Ser;p.Pro19Ser;p.Pro19Ser;p.Pro19Ser;p.Pro19Ser;p.Pro19Ser;p.Pro19Ser;p.Pro19Ser,1.2407e-06,True,False,False,False,False
7-100023530-A-T,p.Glu8Asp;p.Glu8Asp,1.86095e-06,True,False,False,False,False
1-117940935-G-C,p.Glu262Gln,1.24367e-06,True,False,False,False,False
18-31476124-T-C,p.Leu955Pro,6.19493e-07,True,False,False,False,False
12-115996476-T-A,p.Asn999Ile;p.Asn999Ile;p.Asn989Ile,1.24147e-06,True,False,False,False,False
7-1155515-C-T,p.Val74Met;p.Val74Met;p.Val74Met,1.92076e-05,True,False,False,False,False
21-46440179-G-A,p.Glu3124Lys;p.Glu3135Lys;p.Glu2927Lys;p.Glu1135Lys,3.09761e-06,True,False,False,False,False
3-51075440-G-C,p.Met183Ile,6.25436e-07,True,False,False,False,False
11-117183837-A-G,p.Gln254Arg;p.Gln254Arg;p.Gln254Arg;p.Gln254Arg;p.Gln104Arg,6.19535e-07,True,False,False,False,False
13-24435027-T-G,p.Thr1372Pro,1.23919e-06,True,False,False,False,False
19-50252660-T-G,p.Trp618Gly;p.Trp618Gly;p.Trp618Gly;p.Trp610Gly;p.Trp618Gly;p.Trp610Gly,1.00195e-05,True,False,False,False,False
6-169743169-T-G,p.Ile133Leu,6.34503e-07,True,False,False,False,False
16-69385791-C-T,p.Ala61Thr;p.Ala61Thr,7.71989e-07,True,False,False,False,False
2-100982365-C-G,p.Asp539Glu;p.Asp138Glu,6.1956e-07,True,False,False,False,False
4-87094929-T-C,p.Ser415Pro;p.Ser415Pro;p.Ser386Pro;p.Ser408Pro;p.Ser408Pro;p.Ser46Pro;p.Ser99Pro,6.19608e-07,True,False,False,False,False
7-101036223-C-G,p.Gln1603Glu,1.79686e-05,True,False,False,False,False
X-26139506-A-G,p.Tyr174Cys,1.65512e-06,True,False,False,True,False
3-88139852-A-C,p.Asn728Thr,6.27414e-07,True,False,False,False,False
18-58580463-C-G,p.Glu105Gln,1.85852e-06,True,False,False,False,False
15-48134513-C-T,p.Ala155Val;p.Ala95Val,6.19889e-07,True,False,False,False,False
9-128634707-C-T,p.Ser399Asn,2.02976e-05,True,False,False,False,False
11-57796931-A-T,p.Met299Leu;p.Met299Leu;p.Met299Leu;p.Met299Leu;p.Met299Leu;p.Met299Leu;p.Met198Leu;p.Met198Leu;p.Met299Leu;p.Met245Leu;p.Met198Leu;p.Met245Leu;p.Met245Leu;p.Met245Leu;p.Met198Leu;p.Met198Leu;p.Met245Leu;p.Met198Leu;p.Met198Leu;p.Met245Leu;p.Met198Leu;p.Met245Leu;p.Met245Leu;p.Met299Leu;p.Met299Leu;p.Met275Leu;p.Met299Leu;p.Met275Leu;p.Met299Leu;p.Met275Leu,6.38555e-07,True,False,False,False,False
11-66701184-G-A,p.Ala972Val;p.Ala972Val;p.Ala972Val;p.Ala972Val;p.Ala972Val;p.Ala972Val;p.Ala979Val;p.Ala972Val;p.Ala972Val,3.09971e-06,True,False,False,False,False
12-130163621-G-C,p.Ala227Pro,6.20027e-07,True,False,False,True,False
14-90978401-G-A,p.Thr100Ile;p.Thr21Ile;p.Thr100Ile,1.23919e-06,True,False,False,False,False
7-64348144-C-G,p.Ser94Ter;p.Ser94Ter,1.29282e-06,True,False,False,False,False
19-44236288-C-T,p.Arg569Trp;p.Arg620Trp;p.Arg620Trp;p.Arg569Trp,0.000208837,False,True,False,False,False
11-73309153-C-T,p.Pro172Leu,2.52104e-06,True,False,False,False,False
19-18895847-C-A,p.Ala76Ser;p.Ala76Ser,7.73454e-07,True,False,False,False,False
5-141433020-C-T,p.Ser754Phe;p.Ser754Phe,1.05318e-05,True,False,False,False,False
14-23033440-T-C,p.Met145Val;p.Met145Val;p.Met42Val,6.19555e-07,True,False,False,False,False
7-100759783-A-C,p.Ser1212Arg;p.Ser1212Arg;p.Ser1212Arg;p.Ser1212Arg,6.22475e-07,True,False,False,False,False
16-21715055-G-A,p.Ser464Asn;p.Ser478Asn;p.Ser464Asn;p.Ser385Asn;p.Ser140Asn,6.19494e-07,True,False,False,False,False
5-141371866-T-A,p.Ile491Asn;p.Ile491Asn,6.19769e-07,True,False,False,False,False
2-27578583-G-A,p.Glu4075Lys,6.19626e-07,True,False,False,False,False
7-141725194-A-C,p.Lys464Gln,6.1975e-07,True,False,False,False,False
16-53307931-A-G,p.Glu2344Gly;p.Glu410Gly;p.Glu2344Gly;p.Glu1871Gly,6.2135e-07,True,False,False,False,False
19-44288924-T-C,p.Asn171Asp;p.Asn167Asp;p.Asn256Asp,6.19553e-07,True,False,False,False,False
9-103005607-G-C,p.Asp326His;p.Asp326His;p.Asp326His,1.24294e-06,True,False,False,False,False
1-12400230-C-T,p.Thr3895Ile;p.Thr3870Ile,6.19523e-07,True,False,False,False,False
5-119101965-A-G,p.Ile82Val;p.Ile82Val;p.Ile82Val,1.12058e-05,True,False,False,False,False
2-27664539-G-T,p.Cys40Phe,3.09824e-06,True,False,False,False,False
19-43267825-T-C,p.Glu130Gly;p.Glu130Gly;p.Glu130Gly;p.Glu130Gly;p.Glu130Gly;p.Glu130Gly;p.Glu130Gly;p.Glu130Gly,1.61153e-05,True,False,False,False,False
4-99313838-C-T,p.Gly271Ser;p.Gly231Ser;p.Gly231Ser,0.0006586,False,True,False,False,False
12-74538365-C-T,p.Pro85Ser,6.44407e-07,True,False,False,False,False
4-122742314-T-G,p.Met141Arg;p.Met141Arg;p.Met141Arg,6.19566e-07,True,False,False,False,False
14-21031194-C-T,p.Pro119Leu,6.22283e-07,True,False,False,False,False
6-52438364-A-G,p.Arg8Gly;p.Arg8Gly;p.Arg110Gly;p.Arg97Gly;p.Arg116Gly;p.Arg116Gly;p.Arg116Gly;p.Arg116Gly;p.Arg116Gly;p.Arg106Gly;p.Arg116Gly;p.Arg97Gly;p.Arg8Gly;p.Arg97Gly,1.73505e-05,True,False,False,False,False
16-23068069-G-A,p.Arg1346Trp;p.Arg639Trp,6.1981e-06,True,False,False,False,False
17-82087245-C-T,p.Val1078Met;p.Val1078Met,0.000518375,False,True,False,False,False
16-69692476-A-C,p.Glu884Ala;p.Glu866Ala;p.Glu883Ala,6.19489e-07,True,False,False,False,False
16-58010076-T-C,p.Val87Ala;p.Val87Ala;p.Val138Ala;p.Val138Ala;p.Val138Ala;p.Val138Ala;p.Val125Ala;p.Val138Ala;p.Val138Ala,6.19529e-07,True,False,False,False,False
6-28923512-C-A,p.Ala41Ser;p.Ala41Ser,1.24076e-06,True,False,False,False,False
13-49488443-T-C,p.Ile577Thr;p.Ile589Thr;p.Ile577Thr,6.19553e-07,True,False,False,False,False
9-97037374-T-C,p.Met92Val;p.Met92Val;p.Met92Val;p.Met92Val;p.Met92Val,6.19527e-07,True,False,False,False,False
19-5455837-C-A,p.Leu116Met,8.10408e-06,True,False,False,False,False
9-134886482-T-G,p.Phe204Leu;p.Phe166Leu,1.23904e-06,True,False,False,False,False
3-143972738-G-T,p.Asp136Tyr,1.26177e-06,True,False,False,True,False
9-135955376-G-C,p.His60Asp,1.24682e-06,True,False,False,True,False
12-80336535-G-A,p.Glu1530Lys;p.Glu1575Lys,3.29669e-05,True,False,False,False,False
9-5185488-T-C,p.Lys39Glu;p.Lys39Glu,1.23902e-06,True,False,False,False,False
16-74471217-C-G,p.Asp729His;p.Asp729His;p.Asp718His,6.19914e-06,True,False,False,False,False
9-127397528-C-A,p.Ser70Tyr;p.Ser70Tyr;p.Ser70Tyr,1.40705e-06,True,False,False,False,False
11-823818-T-G,p.Asp294Glu,6.25463e-07,True,False,False,False,False
14-67473757-G-A,p.Ser56Phe;p.Ser56Phe;p.Ser56Phe;p.Ser56Phe;p.Ser56Phe,1.85906e-06,True,False,False,False,False
3-12825536-A-G,p.Asn1036Ser,1.24525e-06,True,False,False,False,False
5-157228355-C-A,p.Thr236Asn,2.53856e-06,True,False,False,False,False
10-27100154-T-C,p.Asn58Ser;p.Asn58Ser;p.Asn5Ser,8.0544e-06,True,False,False,False,False
7-45101365-A-T,p.Phe563Ile;p.Phe453Ile;p.Phe453Ile;p.Phe563Ile,1.54908e-05,True,False,False,False,False
2-201725422-A-G,p.Met1094Thr;p.Met1094Thr;p.Met320Thr;p.Met1128Thr;p.Met1094Thr;p.Met1094Thr;p.Met274Thr;p.Met1094Thr;p.Met1094Thr;p.Met1094Thr;p.Met1094Thr;p.Met1094Thr;p.Met1094Thr;p.Met1094Thr,3.09817e-05,True,False,False,False,False
1-37887355-G-C,p.Ala173Gly;p.Ala337Gly;p.Ala417Gly,1.90139e-06,True,False,False,False,False
4-176225282-G-C,p.Leu86Val;p.Leu41Val;p.Leu33Val,6.19692e-07,True,False,False,False,False
13-99971275-C-T,p.Gly110Asp,7.45186e-07,True,False,False,False,False
16-15838012-G-A,p.Pro81Ser;p.Pro81Ser;p.Pro81Ser;p.Pro81Ser;p.Pro81Ser,6.19548e-07,True,False,False,False,False
10-112445420-G-A,p.Ser6Leu;p.Ser6Leu;p.Ser6Leu;p.Ser6Leu;p.Ser6Leu;p.Ser6Leu;p.Ser6Leu;p.Ser6Leu;p.Ser6Leu;p.Ser6Leu,1.42515e-05,True,False,False,False,False
11-66292047-G-A,p.Val12Met,6.67582e-07,True,False,False,False,False
8-143827405-C-T,p.Gly39Ser;p.Gly39Ser;p.Gly39Ser;p.Gly39Ser,2.19161e-06,True,False,False,False,False
9-131087602-G-A,p.Glu1453Lys;p.Glu165Lys,1.23914e-06,True,False,False,False,False
10-117134412-C-T,p.Ala201Thr,0.000348309,False,True,False,False,False
1-65913318-A-T,p.Lys2Ter;p.Lys2Ter,8.05705e-06,True,False,False,False,False
9-34978070-C-T,p.Arg388Cys,6.19511e-07,True,False,False,True,False
6-22569804-G-C,p.Ala77Pro,6.19691e-07,True,False,False,False,False
2-74557053-A-G,p.Asp323Gly;p.Asp462Gly,6.19725e-07,True,False,False,False,False
6-121241515-A-G,p.Val732Ala;p.Val732Ala,6.19738e-07,True,False,False,False,False
8-118110230-T-C,p.Thr273Ala,3.09779e-06,True,False,False,True,False
11-65998696-T-G,p.Glu134Ala;p.Glu134Ala;p.Glu134Ala;p.Glu82Ala;p.Glu134Ala;p.Glu134Ala,1.23911e-06,True,False,False,False,False
19-622652-A-C,p.Val519Gly,8.71451e-06,True,False,False,False,False
11-66504628-G-C,p.Gly651Ala;p.Gly632Ala;p.Gly632Ala;p.Gly602Ala,6.20604e-07,True,False,False,False,False
3-49103694-T-C,p.Ile130Val;p.Ile119Val;p.Ile130Val;p.Ile172Val;p.Ile130Val;p.Ile88Val;p.Ile118Val;p.Ile128Val,4.33791e-06,True,False,False,False,False
12-76358750-T-C,p.Tyr755Cys;p.Tyr797Cys;p.Tyr755Cys;p.Tyr755Cys,1.05319e-05,True,False,False,False,False
14-77675768-C-G,p.Glu210Gln,6.19543e-07,True,False,False,False,False
8-144500368-C-G,p.Pro228Ala;p.Pro228Ala,6.52667e-07,True,False,False,False,False
1-214369507-T-C,p.Tyr1074Cys,6.19509e-07,True,False,False,True,False
17-4206483-G-A,p.Pro246Ser;p.Pro288Ser;p.Pro246Ser,1.42963e-05,True,False,False,False,False
5-72888281-A-G,p.Arg503Gly;p.Arg503Gly;p.Arg453Gly;p.Arg495Gly;p.Arg495Gly,2.47806e-06,True,False,False,False,False
14-23101356-C-G,p.Gly562Ala;p.Gly504Ala,1.83663e-06,True,False,False,False,False
11-124319720-T-G,p.Thr160Pro,6.19745e-07,True,False,False,False,False
6-348123-G-A,p.Ser52Asn;p.Ser95Asn;p.Ser95Asn,9.29272e-06,True,False,False,False,False
16-57528795-C-T,p.Arg128His,1.64371e-06,True,False,False,True,False
3-112113073-C-T,p.Gln193Ter,1.86214e-06,True,False,False,False,False
1-100149069-T-A,p.Leu327Phe;p.Leu327Phe,6.23949e-07,True,False,False,False,False
11-17476656-A-G,p.Phe41Leu;p.Phe41Leu;p.Phe41Leu;p.Phe41Leu;p.Phe41Leu;p.Phe41Leu;p.Phe41Leu;p.Phe41Leu;p.Phe41Leu,6.20242e-07,True,False,False,False,False
18-5890628-C-T,p.Arg479Gln;p.Arg479Gln,3.68539e-05,True,False,False,False,False
9-109108555-C-T,p.Val199Ile;p.Val199Ile,6.24213e-07,True,False,False,False,False
16-46884936-A-C,p.Glu74Ala,6.55531e-07,True,False,False,False,False
5-140857724-A-C,p.Asp559Ala;p.Asp559Ala,6.26004e-07,True,False,False,False,False
2-43574627-G-A,p.Gln480Ter;p.Gln480Ter;p.Gln480Ter;p.Gln480Ter;p.Gln480Ter,3.09796e-06,True,False,False,False,False
11-6108530-T-C,p.Leu251Pro,6.19582e-07,True,False,False,True,False
1-247965506-A-C,p.Met44Leu,2.47896e-06,True,False,False,False,False
11-71884531-C-T,p.Asp205Asn;p.Asp236Asn,6.21905e-07,True,False,False,False,False
13-32362592-A-T,p.Arg2625Ser;p.Arg2625Ser;p.Arg2502Ser;p.Arg2625Ser;p.Arg2625Ser;p.Arg2625Ser;p.Arg2625Ser,6.19518e-07,True,False,False,False,False
5-71643834-T-G,p.Phe232Cys;p.Phe315Cys;p.Phe325Cys;p.Phe194Cys;p.Phe360Cys;p.Phe333Cys;p.Phe406Cys;p.Phe232Cys;p.Phe363Cys;p.Phe291Cys;p.Phe85Cys,1.85867e-06,True,False,False,False,False
11-120480363-T-G,p.Asp1390Glu;p.Asp1371Glu;p.Asp1287Glu,6.19549e-07,True,False,False,False,False
3-126991508-A-G,p.Tyr440Cys,5.58278e-06,True,False,False,True,False
10-50009957-C-T,p.Ser588Phe;p.Ser611Phe,3.10126e-06,True,False,False,False,False
16-21972105-A-G,p.Thr317Ala;p.Thr317Ala,6.1972e-07,True,False,False,False,False
4-7676128-C-A,p.Leu414Met,6.326e-07,True,False,False,True,False
15-40208717-C-G,p.Ser711Cys;p.Ser697Cys,6.19682e-07,True,False,False,False,False
19-58358050-G-T,p.Ser6Ter,4.91458e-06,True,False,False,False,False
